{
  "weights": {
    "lightgbm": 0.45042021377638486,
    "catboost": 0.17709907435790703,
    "lstm": 0.11031602231091606,
    "timegpt": 0.08240005652338929,
    "technical": 0.07337149542927292,
    "sentiment": 0.07192254974599813,
    "macro": 0.03447058785613179
  },
  "score": 0.6801443846844701,
  "timestamp": "20250822_071820"
}