{"generated_at": "2025-08-21T11:31:36.494512", "ranking": {"TUPRS.IS": {"TOPSIS_Score": 0.5042590795162725, "Rank": 1.0, "D_Plus": 0.2754432177913656, "D_Minus": 0.2801760712570293, "Weight_Health_Score": 0.07450814177784361, "Weight_Piotroski_Score": 0.09698521391449853, "Weight_ROE": 0.1300744375992482, "Weight_Net_Margin": 0.2551466734543907, "Weight_Debt_Equity": 0.2190226080082322, "Weight_Current_Ratio": 0.22426292524578675}, "BIMAS.IS": {"TOPSIS_Score": 0.5012785040593638, "Rank": 2.0, "D_Plus": 0.24814864977037893, "D_Minus": 0.2494209392491338, "Weight_Health_Score": 0.07450814177784361, "Weight_Piotroski_Score": 0.09698521391449853, "Weight_ROE": 0.1300744375992482, "Weight_Net_Margin": 0.2551466734543907, "Weight_Debt_Equity": 0.2190226080082322, "Weight_Current_Ratio": 0.22426292524578675}, "EREGL.IS": {"TOPSIS_Score": 0.5008249797199025, "Rank": 3.0, "D_Plus": 0.2527362936364845, "D_Minus": 0.25357168125911195, "Weight_Health_Score": 0.07450814177784361, "Weight_Piotroski_Score": 0.09698521391449853, "Weight_ROE": 0.1300744375992482, "Weight_Net_Margin": 0.2551466734543907, "Weight_Debt_Equity": 0.2190226080082322, "Weight_Current_Ratio": 0.22426292524578675}, "SISE.IS": {"TOPSIS_Score": 0.4910155240159527, "Rank": 4.0, "D_Plus": 0.2534623205783144, "D_Minus": 0.24451420432115717, "Weight_Health_Score": 0.07450814177784361, "Weight_Piotroski_Score": 0.09698521391449853, "Weight_ROE": 0.1300744375992482, "Weight_Net_Margin": 0.2551466734543907, "Weight_Debt_Equity": 0.2190226080082322, "Weight_Current_Ratio": 0.22426292524578675}, "ISCTR.IS": {"TOPSIS_Score": 0.4610028450813776, "Rank": 5.0, "D_Plus": 0.2507383238531692, "D_Minus": 0.21445582710858418, "Weight_Health_Score": 0.07450814177784361, "Weight_Piotroski_Score": 0.09698521391449853, "Weight_ROE": 0.1300744375992482, "Weight_Net_Margin": 0.2551466734543907, "Weight_Debt_Equity": 0.2190226080082322, "Weight_Current_Ratio": 0.22426292524578675}, "YKBNK.IS": {"TOPSIS_Score": 0.436847753886463, "Rank": 6.0, "D_Plus": 0.31289742196471154, "D_Minus": 0.24272039563985212, "Weight_Health_Score": 0.07450814177784361, "Weight_Piotroski_Score": 0.09698521391449853, "Weight_ROE": 0.1300744375992482, "Weight_Net_Margin": 0.2551466734543907, "Weight_Debt_Equity": 0.2190226080082322, "Weight_Current_Ratio": 0.22426292524578675}, "PGSUS.IS": {"TOPSIS_Score": 0.4316002665445554, "Rank": 7.0, "D_Plus": 0.2822148493934269, "D_Minus": 0.2142928594997002, "Weight_Health_Score": 0.07450814177784361, "Weight_Piotroski_Score": 0.09698521391449853, "Weight_ROE": 0.1300744375992482, "Weight_Net_Margin": 0.2551466734543907, "Weight_Debt_Equity": 0.2190226080082322, "Weight_Current_Ratio": 0.22426292524578675}, "GARAN.IS": {"TOPSIS_Score": 0.4186595042405086, "Rank": 8.0, "D_Plus": 0.33316272615808423, "D_Minus": 0.23993123269786004, "Weight_Health_Score": 0.07450814177784361, "Weight_Piotroski_Score": 0.09698521391449853, "Weight_ROE": 0.1300744375992482, "Weight_Net_Margin": 0.2551466734543907, "Weight_Debt_Equity": 0.2190226080082322, "Weight_Current_Ratio": 0.22426292524578675}, "EKGYO.IS": {"TOPSIS_Score": 0.404183812192606, "Rank": 9.0, "D_Plus": 0.29755308847925754, "D_Minus": 0.20185108107554112, "Weight_Health_Score": 0.07450814177784361, "Weight_Piotroski_Score": 0.09698521391449853, "Weight_ROE": 0.1300744375992482, "Weight_Net_Margin": 0.2551466734543907, "Weight_Debt_Equity": 0.2190226080082322, "Weight_Current_Ratio": 0.22426292524578675}, "VAKBN.IS": {"TOPSIS_Score": 0.38972265241622717, "Rank": 10.0, "D_Plus": 0.307247533931792, "D_Minus": 0.1962080426978421, "Weight_Health_Score": 0.07450814177784361, "Weight_Piotroski_Score": 0.09698521391449853, "Weight_ROE": 0.1300744375992482, "Weight_Net_Margin": 0.2551466734543907, "Weight_Debt_Equity": 0.2190226080082322, "Weight_Current_Ratio": 0.22426292524578675}, "HALKB.IS": {"TOPSIS_Score": 0.3498690240702149, "Rank": 11.0, "D_Plus": 0.3140761539663421, "D_Minus": 0.16902058437498357, "Weight_Health_Score": 0.07450814177784361, "Weight_Piotroski_Score": 0.09698521391449853, "Weight_ROE": 0.1300744375992482, "Weight_Net_Margin": 0.2551466734543907, "Weight_Debt_Equity": 0.2190226080082322, "Weight_Current_Ratio": 0.22426292524578675}, "KCHOL.IS": {"TOPSIS_Score": 0.3277752059861985, "Rank": 12.0, "D_Plus": 0.3393265834129483, "D_Minus": 0.16545483261732918, "Weight_Health_Score": 0.07450814177784361, "Weight_Piotroski_Score": 0.09698521391449853, "Weight_ROE": 0.1300744375992482, "Weight_Net_Margin": 0.2551466734543907, "Weight_Debt_Equity": 0.2190226080082322, "Weight_Current_Ratio": 0.22426292524578675}, "SAHOL.IS": {"TOPSIS_Score": 0.3117163947033812, "Rank": 13.0, "D_Plus": 0.312187634566599, "D_Minus": 0.14138649122136074, "Weight_Health_Score": 0.07450814177784361, "Weight_Piotroski_Score": 0.09698521391449853, "Weight_ROE": 0.1300744375992482, "Weight_Net_Margin": 0.2551466734543907, "Weight_Debt_Equity": 0.2190226080082322, "Weight_Current_Ratio": 0.22426292524578675}, "ASELS.IS": {"TOPSIS_Score": 0.294909887127409, "Rank": 14.0, "D_Plus": 0.3362541365266543, "D_Minus": 0.14064112889797242, "Weight_Health_Score": 0.07450814177784361, "Weight_Piotroski_Score": 0.09698521391449853, "Weight_ROE": 0.1300744375992482, "Weight_Net_Margin": 0.2551466734543907, "Weight_Debt_Equity": 0.2190226080082322, "Weight_Current_Ratio": 0.22426292524578675}, "TTKOM.IS": {"TOPSIS_Score": 0.28793962603339224, "Rank": 15.0, "D_Plus": 0.329475664430582, "D_Minus": 0.1332318200418412, "Weight_Health_Score": 0.07450814177784361, "Weight_Piotroski_Score": 0.09698521391449853, "Weight_ROE": 0.1300744375992482, "Weight_Net_Margin": 0.2551466734543907, "Weight_Debt_Equity": 0.2190226080082322, "Weight_Current_Ratio": 0.22426292524578675}, "THYAO.IS": {"TOPSIS_Score": 0.27286300001002844, "Rank": 16.0, "D_Plus": 0.3391931874069178, "D_Minus": 0.12728450168275285, "Weight_Health_Score": 0.07450814177784361, "Weight_Piotroski_Score": 0.09698521391449853, "Weight_ROE": 0.1300744375992482, "Weight_Net_Margin": 0.2551466734543907, "Weight_Debt_Equity": 0.2190226080082322, "Weight_Current_Ratio": 0.22426292524578675}, "TCELL.IS": {"TOPSIS_Score": 0.24719080109422187, "Rank": 17.0, "D_Plus": 0.3562249336902283, "D_Minus": 0.11696924912263812, "Weight_Health_Score": 0.07450814177784361, "Weight_Piotroski_Score": 0.09698521391449853, "Weight_ROE": 0.1300744375992482, "Weight_Net_Margin": 0.2551466734543907, "Weight_Debt_Equity": 0.2190226080082322, "Weight_Current_Ratio": 0.22426292524578675}, "XU100": {"TOPSIS_Score": 0.22579677444854307, "Rank": 18.0, "D_Plus": 0.37076851983874487, "D_Minus": 0.1081348321521362, "Weight_Health_Score": 0.07450814177784361, "Weight_Piotroski_Score": 0.09698521391449853, "Weight_ROE": 0.1300744375992482, "Weight_Net_Margin": 0.2551466734543907, "Weight_Debt_Equity": 0.2190226080082322, "Weight_Current_Ratio": 0.22426292524578675}, "AKBNK.IS": {"TOPSIS_Score": 0.2228570242082837, "Rank": 19.0, "D_Plus": 0.3851807530807393, "D_Minus": 0.11045616969828405, "Weight_Health_Score": 0.07450814177784361, "Weight_Piotroski_Score": 0.09698521391449853, "Weight_ROE": 0.1300744375992482, "Weight_Net_Margin": 0.2551466734543907, "Weight_Debt_Equity": 0.2190226080082322, "Weight_Current_Ratio": 0.22426292524578675}, "KRDMD.IS": {"TOPSIS_Score": 0.2002290995322357, "Rank": 20.0, "D_Plus": 0.4007384039667776, "D_Minus": 0.10032809361696368, "Weight_Health_Score": 0.07450814177784361, "Weight_Piotroski_Score": 0.09698521391449853, "Weight_ROE": 0.1300744375992482, "Weight_Net_Margin": 0.2551466734543907, "Weight_Debt_Equity": 0.2190226080082322, "Weight_Current_Ratio": 0.22426292524578675}}, "criteria_types": {"Health_Score": "benefit", "Piotroski_Score": "benefit", "ROE": "benefit", "Net_Margin": "benefit", "Debt_Equity": "cost", "Current_Ratio": "benefit"}}